{"cameraMode":{"drawMode":0,"name":"Shaded","section":"Shading Mode"},"sceneLighting":true,"audioPlay":false,"sceneViewState":{"m_AlwaysRefresh":false,"showFog":true,"showSkybox":true,"showFlares":true,"showImageEffects":true,"showParticleSystems":true,"showVisualEffectGraphs":true,"m_FxEnabled":true},"in2DMode":false,"pivot":{"x":-1.5197465419769288,"y":0.5398492813110352,"z":1.0174778699874879},"rotation":{"x":0.03897208347916603,"y":-0.028774160891771318,"z":0.0011231626849621535,"w":0.9988358020782471},"size":16.662578582763673,"orthographic":true}