{"cameraMode":{"drawMode":0,"name":"Shaded","section":"Shading Mode"},"sceneLighting":true,"audioPlay":false,"sceneViewState":{"m_AlwaysRefresh":false,"showFog":true,"showSkybox":true,"showFlares":true,"showImageEffects":true,"showParticleSystems":true,"showVisualEffectGraphs":true,"m_FxEnabled":true},"in2DMode":false,"pivot":{"x":0.34929320216178896,"y":0.9896498322486877,"z":0.8767178654670715},"rotation":{"x":-0.0065979789942502979,"y":0.035992104560136798,"z":0.00023813989537302405,"w":0.9993416666984558},"size":3.4922561645507814,"orthographic":true}