{"cameraMode":{"drawMode":0,"name":"Shaded","section":"Shading Mode"},"sceneLighting":false,"audioPlay":false,"sceneViewState":{"m_AlwaysRefresh":false,"showFog":true,"showSkybox":false,"showFlares":true,"showImageEffects":true,"showParticleSystems":true,"showVisualEffectGraphs":true,"m_FxEnabled":true},"in2DMode":false,"pivot":{"x":-0.9534340500831604,"y":-0.6297941207885742,"z":2.8073368072509767},"rotation":{"x":0.21837741136550904,"y":0.019905976951122285,"z":-0.004455690737813711,"w":0.9756531119346619},"size":6.6673502922058109,"orthographic":false}